{
    "0": {
        "init_pos": [
            1438.8538998907259,
            500.0
        ],
        "init_vel": [
            60.76181534986855,
            0.0
        ],
        "radius": 4.0
    },
    "1": {
        "init_pos": [
            361.14610010927584,
            500.0
        ],
        "init_vel": [
            -60.76181534986855,
            0.0
        ],
        "radius": 4.0
    }
}