{
    "0": {
        "init_pos": [
            1472.9973653192071,
            500.0
        ],
        "init_vel": [
            62.98608991880264,
            0.0
        ],
        "radius": 4.0
    },
    "1": {
        "init_pos": [
            327.0026346807939,
            500.0
        ],
        "init_vel": [
            -62.98608991880264,
            0.0
        ],
        "radius": 4.0
    }
}