{
    "0": {
        "init_pos": [
            1700.5942259732528,
            500.0
        ],
        "init_vel": [
            -72.15644617358257,
            0.0
        ],
        "radius": 4.0
    },
    "1": {
        "init_pos": [
            99.40577402674786,
            500.0
        ],
        "init_vel": [
            72.15644617358257,
            0.0
        ],
        "radius": 4.0
    }
}