{
    "0": {
        "init_pos": [
            1634.0398984776532,
            500.0
        ],
        "init_vel": [
            70.16830113665017,
            0.0
        ],
        "radius": 4.0
    },
    "1": {
        "init_pos": [
            165.96010152234683,
            500.0
        ],
        "init_vel": [
            -70.16830113665017,
            0.0
        ],
        "radius": 4.0
    }
}