{
    "0": {
        "init_pos": [
            1722.3312206993396,
            500.0
        ],
        "init_vel": [
            72.72249062673995,
            0.0
        ],
        "radius": 4.0
    },
    "1": {
        "init_pos": [
            77.66877930066124,
            500.0
        ],
        "init_vel": [
            -72.72249062673995,
            0.0
        ],
        "radius": 4.0
    }
}