{
    "0": {
        "init_pos": [
            1735.8129098230033,
            500.0
        ],
        "init_vel": [
            -73.05779049255702,
            0.0
        ],
        "radius": 4.0
    },
    "1": {
        "init_pos": [
            64.18709017699582,
            500.0
        ],
        "init_vel": [
            73.05779049255702,
            0.0
        ],
        "radius": 4.0
    }
}