{
    "0": {
        "init_pos": [
            1336.4886111745109,
            500.0
        ],
        "init_vel": [
            51.05494730961493,
            0.0
        ],
        "radius": 4.0
    },
    "1": {
        "init_pos": [
            463.5113888254898,
            500.0
        ],
        "init_vel": [
            -51.05494730961493,
            0.0
        ],
        "radius": 4.0
    }
}