{
    "0": {
        "init_pos": [
            1410.8865570121584,
            500.0
        ],
        "init_vel": [
            58.64578880855129,
            0.0
        ],
        "radius": 4.0
    },
    "1": {
        "init_pos": [
            389.113442987843,
            500.0
        ],
        "init_vel": [
            -58.64578880855129,
            0.0
        ],
        "radius": 4.0
    }
}